<?xml version="1.0" encoding="UTF-8"?>
    <addon id="repository.tvguides" name=".[COLOR red]TV GUIDES[/COLOR] Repository" version="0.0.1" provider-name="locknload">
        <requires>
            <import addon="xbmc.addon" version="12.0.0"/>
        </requires>
        <extension point="xbmc.addon.repository" name="TV GUIDES Repository">
            <info compressed="false">http://tvstreamers.net/repo/tvguides/addons.xml</info>
            <checksum>http://tvstreamers.net/repo/tvguides/addons.xml.md5</checksum>
            <datadir zip="true">http://tvstreamers.net/repo/tvguides/</datadir>
            <hashes>false</hashes>
        </extension>
        <extension point="xbmc.addon.metadata">
            <summary>TV GUIDES Repository</summary>
            <description>!! TV GUIDES !!</description>
            <platform>all</platform>
    </extension>
</addon>