<?xml version="1.0" encoding="UTF-8" standalone="yes"?>
<addon id="plugin.program.Crackerwizard" name="Cracker Wizard" version="0.0.1" provider-name="TonyH">
  <requires>
    <import addon="xbmc.python" version="2.1.0"/>
  </requires>
  <extension point="xbmc.python.pluginsource" library="default.py">
    <provides>executable</provides>
  </extension>
  <extension point="xbmc.service" library="startup.py" start="startup" />
  <extension point="xbmc.addon.metadata">
    <summary lang="en">Cracker Wizard</summary>
    <description lang="en">Big Crackers wizard for maintenance and installing builds</description>
    <platform>all</platform>
  </extension>
</addon>