<?xml version="1.0" encoding="UTF-8" standalone="yes"?>
<addon id="plugin.video.tonyh" name="TonyH" version="1.0.0" provider-name="TonyH">
  <requires>
    <import addon="xbmc.python" version="2.1.0"/>
  </requires>
  <extension point="xbmc.python.pluginsource" library="default.py">
        <provides>executable</provides>
  </extension>
  <extension point="xbmc.addon.metadata">
    <summary lang="en">Wizard to install THC Build</summary>
    <description lang="en">Wizard to install THC Build</description>
	<website>http://tonyh.net</website>
    <platform>all</platform>
  </extension>
</addon>
