<?xml version="1.0" encoding="UTF-8" standalone="yes"?>
<addon id="plugin.video.kidz" 
         name="Kidz" 
         version="1.02"
         provider-name="Echo Coder">
  <requires>
    <import addon="xbmc.python" version="2.1.0"/>
  </requires>
  <extension point="xbmc.python.pluginsource" library="default.py">
        <provides>video</provides>
  </extension> 
  <extension point="xbmc.addon.metadata">
    <platform>all</platform>
    <summary lang="en">A selection of content for Kids.</summary>
    <description lang="en">A selection of content for Kids.</description>
    <disclaimer lang="en"></disclaimer>
    <language></language>
    <platform>all</platform>
    <license>GNU GENERAL PUBLIC LICENSE. Version 2, June 1991</license>
    <assets>
        <icon>icon.png</icon>
        <fanart>fanart.jpg</fanart>
    </assets>
  </extension>
</addon>