<?xml version="1.0" encoding="UTF-8"?>
<addon id="repository.colossus" name="[COLOR gold]Colossus Repository[/COLOR]" version="999.999.6" provider-name="Colossal">
    <extension point="xbmc.addon.repository" name="[COLOR gold]Colossus Repository[/COLOR]">
    <dir>
        <info compressed="false">https://raw.githubusercontent.com/Colossal1/repository.colossus.common/master/addons.xml</info>
        <checksum>https://raw.githubusercontent.com/Colossal1/repository.colossus.common/master/addons.xml.md5</checksum>
        <datadir zip="true">https://raw.githubusercontent.com/Colossal1/repository.colossus.common/master/</datadir>
    </dir>
        <info compressed="false">https://raw.githubusercontent.com/Colossal1/repository.colossus/master/addons.xml</info>
        <checksum>https://raw.githubusercontent.com/Colossal1/repository.colossus/master/addons.xml.md5</checksum>
        <datadir zip="true">https://raw.githubusercontent.com/Colossal1/repository.colossus/master/</datadir>
    </extension>
    <extension point="xbmc.addon.metadata">
        <summary>Home Of 3rd Party Addons</summary>
        <description></description>
        <platform>all</platform>
    </extension>
</addon>